ID,Name
01d0fcb93151477b842d0ee8fe6510e3,Kaylee Reyes
3381f2b8e5a74019b7f93a802001397a,Amna Rustom
37a75c8d587f4075b2d0640f244d891c,Kaylurr
4243e6bcc1284644857b5bc9aab57c31,Larry
4a705869f6d84f0584387a24c37b961a,SCAR
4f168741900f4f19979a06dcbd50e408,Madison Umina
720ac7f06812410abd76e38effc22902,Caro
78e7775bd32b4b4ebaf5be442a27e180,ryankanne
802001e0ea1f4ca8a6d4ed2926382929,Sydney
9b48f7724d7444c8ad50da51b89b7142,peter
9e8addf0669a4baba36580a51ab3ec3f,Jay Miller
a0672a3d11374827b1e2754a53877112,alex :>
b467147d8b6345bda21d8919e00746fc,Cody
bb9998daa35440aea3b29123cc71985c,miranda
c04f44a3084f4a848d335013fc7a80ea,Tyler Kanne
d332f483f6794cb7b5e19a4df770f1ac,Clarah Rae Grossman
de798b3b84024cd6bf18356ecbc8d1a5,Brandon Nelson
e402c4fafcf24aff8dddd3e672e29a22,Hawtt Rod
